{
    "Mejores_Parametros": {
        "logistic__C": 1,
        "logistic__penalty": "l1",
        "poly__degree": 2
    },
    "Accuracy": 0.9907162282870592,
    "Metricas": {
        "Alto": {
            "precision": 1.0,
            "recall": 1.0,
            "f1-score": 1.0,
            "support": 27.0
        },
        "Bajo": {
            "precision": 1.0,
            "recall": 0.9629629629629629,
            "f1-score": 0.9811320754716981,
            "support": 27.0
        },
        "Medio": {
            "precision": 0.9655172413793104,
            "recall": 1.0,
            "f1-score": 0.9824561403508771,
            "support": 28.0
        },
        "accuracy": 0.9878048780487805,
        "macro avg": {
            "precision": 0.9885057471264368,
            "recall": 0.9876543209876543,
            "f1-score": 0.9878627386075252,
            "support": 82.0
        },
        "weighted avg": {
            "precision": 0.9882253994953744,
            "recall": 0.9878048780487805,
            "f1-score": 0.987796804482444,
            "support": 82.0
        }
    }
}